item_id,claim_index,reason,label,first_says,second_says,human_decision,note
B1-MH-0255b6d20283,2,disagreement,entailment,partial,unsupported,,
B1-MH-03b7d00ee202,1,disagreement,relevance,related,answers,,
B1-MH-03b7d00ee202,2,disagreement,relevance,related,answers,,
B1-MH-03cfaa7e78c6,1,disagreement,entailment,partial,supported,,
B1-MH-05813c2fe535,1,disagreement,relevance,related,answers,,
B1-MH-05813c2fe535,2,disagreement,relevance,related,answers,,
B1-MH-05813c2fe535,3,disagreement,relevance,related,answers,,
B1-MH-05813c2fe535,4,disagreement,relevance,related,answers,,
B1-MH-08c734d4eea9,1,disagreement,relevance,related,answers,,
B1-MH-08c734d4eea9,2,disagreement,relevance,related,answers,,
B1-MH-08c734d4eea9,3,disagreement,relevance,related,answers,,
B1-MH-0952d9e73467,2,disagreement,entailment,partial,unsupported,,
B1-MH-09a87ec62327,1,disagreement,entailment,unsupported,supported,,
B1-MH-0ac962ffaee1,1,disagreement,relevance,related,answers,,
B1-MH-0ac962ffaee1,2,disagreement,entailment,supported,partial,,
B1-MH-0ac962ffaee1,2,disagreement,relevance,related,answers,,
B1-MH-0ac962ffaee1,3,disagreement,relevance,related,answers,,
B1-MH-0bee595f2413,1,disagreement,relevance,related,answers,,
B1-MH-0bee595f2413,2,disagreement,relevance,related,answers,,
B1-MH-0bee595f2413,3,disagreement,relevance,related,answers,,
B1-MH-0c6d6ba18794,2,disagreement,entailment,supported,partial,,
B2-MH-0fa911496c14,2,disagreement,relevance,related,answers,,
B2-MH-0fa911496c14,3,disagreement,relevance,related,answers,,
B2-MH-0fa911496c14,4,disagreement,relevance,related,answers,,
B2-MH-114722edd549,2,disagreement,relevance,related,answers,,
B2-MH-13ec6f42b956,1,disagreement,relevance,related,answers,,
B2-MH-13ec6f42b956,2,disagreement,relevance,related,answers,,
B2-MH-1431c0a43f40,1,disagreement,relevance,related,answers,,
B2-MH-1431c0a43f40,2,disagreement,relevance,related,answers,,
B2-MH-1431c0a43f40,3,disagreement,relevance,related,answers,,
B2-MH-1431c0a43f40,4,disagreement,entailment,unsupported,partial,,
B2-MH-1431c0a43f40,4,disagreement,relevance,related,answers,,
B2-MH-145cc8296d13,1,disagreement,entailment,unsupported,supported,,
B2-MH-1723c0aeb785,1,disagreement,relevance,related,answers,,
B2-MH-1723c0aeb785,2,disagreement,relevance,related,answers,,
B2-MH-1723c0aeb785,3,disagreement,relevance,related,answers,,
B2-MH-1723c0aeb785,4,disagreement,relevance,related,answers,,
B2-MH-189b425a1dab,1,disagreement,entailment,partial,supported,,
B2-MH-1a900e0391d7,1,disagreement,relevance,related,answers,,
B2-MH-1a900e0391d7,2,disagreement,relevance,related,answers,,
B2-MH-1a900e0391d7,3,disagreement,relevance,related,answers,,
B2-MH-1a91106d425c,2,disagreement,relevance,related,answers,,
B2-MH-1acbad14990a,1,disagreement,relevance,related,answers,,
B2-MH-1acbad14990a,2,disagreement,relevance,related,answers,,
B2-MH-1b7cdf6be5ad,1,disagreement,relevance,related,answers,,
B2-MH-1f82048d37f6,1,disagreement,entailment,partial,unsupported,,
B2-MH-2237f5effc53,1,disagreement,relevance,related,answers,,
B2-MH-2237f5effc53,2,disagreement,relevance,related,answers,,
B1-MH-0175090e1c35,1,audit_of_agreement,,,,,
B1-MH-01e320e7e25f,1,audit_of_agreement,,,,,
B1-MH-024ac868f764,1,audit_of_agreement,,,,,
B1-MH-0255b6d20283,1,audit_of_agreement,,,,,
B1-MH-0255b6d20283,3,audit_of_agreement,,,,,
B1-MH-03b51326acae,1,audit_of_agreement,,,,,
B1-MH-03cfaa7e78c6,2,audit_of_agreement,,,,,
B1-MH-060223ba72f4,1,audit_of_agreement,,,,,
B1-MH-060223ba72f4,2,audit_of_agreement,,,,,
B1-MH-060cc1d31438,1,audit_of_agreement,,,,,
B1-MH-088695234e1a,1,audit_of_agreement,,,,,
B1-MH-08b80cb8cc0f,1,audit_of_agreement,,,,,
B1-MH-08b80cb8cc0f,2,audit_of_agreement,,,,,
B1-MH-08b80cb8cc0f,3,audit_of_agreement,,,,,
B1-MH-08c9673c1321,2,audit_of_agreement,,,,,
B1-MH-0af0da5770fc,1,audit_of_agreement,,,,,
B1-MH-0b9a8cb6d75b,1,audit_of_agreement,,,,,
B1-MH-0bdcc1036f62,1,audit_of_agreement,,,,,
B1-MH-0c64116439ba,1,audit_of_agreement,,,,,
B1-MH-0c69b8fdbe62,2,audit_of_agreement,,,,,
B1-MH-0d5e238015ef,1,audit_of_agreement,,,,,
B1-MH-0e1408df9ae0,1,audit_of_agreement,,,,,
B1-MH-0e1408df9ae0,2,audit_of_agreement,,,,,
B2-MH-10a673817f1b,1,audit_of_agreement,,,,,
B2-MH-1126297f39de,1,audit_of_agreement,,,,,
B2-MH-11b5dbe62ed4,1,audit_of_agreement,,,,,
B2-MH-124558122a92,2,audit_of_agreement,,,,,
B2-MH-12b9416cf2b0,2,audit_of_agreement,,,,,
B2-MH-12b9416cf2b0,3,audit_of_agreement,,,,,
B2-MH-15887f6a540a,1,audit_of_agreement,,,,,
B2-MH-166126f28949,2,audit_of_agreement,,,,,
B2-MH-166e026497b9,2,audit_of_agreement,,,,,
B2-MH-17280b83d56e,1,audit_of_agreement,,,,,
B2-MH-174076520f29,1,audit_of_agreement,,,,,
B2-MH-1771e46705cb,1,audit_of_agreement,,,,,
B2-MH-18e0906f3d85,2,audit_of_agreement,,,,,
B2-MH-1a91106d425c,1,audit_of_agreement,,,,,
B2-MH-1dd857e94826,1,audit_of_agreement,,,,,
B2-MH-201d810187ac,1,audit_of_agreement,,,,,
